{"access_token": "ya29.GlxWBimjdpbkq0g2PjjLer126QORkKhysyOXJ3-SJGu-YbYGaXY32IXWOL6rgi067Lse8GN3vLXBZTW6_Nco-bS7YUTDBFetaBCJ1Lot349R2TWlm5SsUxqKYRiDVA", "client_id": "118573966096-gmtqj7ks8ma77bljvvmtdtgp6bpt7h1l.apps.googleusercontent.com", "client_secret": "35vErhE-UXiWcW2QDJG6LVk2", "refresh_token": "1/9AO6xu1j04fTjWq4s2zueeBjZpJpLvg9GErdzTdmW94", "token_expiry": "2018-11-17T00:35:06Z", "token_uri": "https://www.googleapis.com/oauth2/v3/token", "user_agent": null, "revoke_uri": "https://oauth2.googleapis.com/revoke", "id_token": null, "id_token_jwt": null, "token_response": {"access_token": "ya29.GlxWBimjdpbkq0g2PjjLer126QORkKhysyOXJ3-SJGu-YbYGaXY32IXWOL6rgi067Lse8GN3vLXBZTW6_Nco-bS7YUTDBFetaBCJ1Lot349R2TWlm5SsUxqKYRiDVA", "expires_in": 3600, "scope": "https://www.googleapis.com/auth/gmail.send", "token_type": "Bearer"}, "scopes": ["https://www.googleapis.com/auth/gmail.send"], "token_info_uri": "https://oauth2.googleapis.com/tokeninfo", "invalid": false, "_class": "OAuth2Credentials", "_module": "oauth2client.client"}